	 -- CREATE TABLE - BOOK
        DROP TABLE STAT;
        DROP TABLE PUBLISHER;
        DROP TABLE BORROW_ORDER;
        DROP TABLE RESERVE_ORDER;
        DROP TABLE PATRON_ACCOUNT;
        DROP TABLE MANAGER;
        DROP TABLE DESIRE;
        DROP TABLE BOOK_RECORD;
        DROP TABLE BOOK;

        -- CREATE TABLE - BOOK
        CREATE TABLE BOOK(
        BOOK_ID VARCHAR(20) NOT NULL,
        BOOK_NAME VARCHAR(50) NOT NULL,
        AUTHOR VARCHAR(20) NOT NULL,
        ISBN VARCHAR(13) NOT NULL,
        CATEGORY VARCHAR(20),
        LOCAT VARCHAR(20),
        PRIMARY KEY(BOOK_ID)
        );

        -- CREATE TABLE - STAT(STATUS)
        CREATE TABLE STAT(
        BOOK_ID VARCHAR(50) NOT NULL,
        IS_BORROWED VARCHAR(5),
        IS_RESERVED VARCHAR(5),
        RESERVE_ID INT,
        PRIMARY KEY(BOOK_ID),
        FOREIGN KEY(BOOK_ID) REFERENCES BOOK ON DELETE CASCADE
        );

	
        -- CREATE TABLE - PUBLISHER
        CREATE TABLE PUBLISHER(
		P_ID VARCHAR(50) NOT NULL,
        DATE_OF_CREATION DATE,
        P_NAME VARCHAR(20) NOT NULL,
        PRIMARY KEY(P_ID));

        -- CREATE TABLE - PATRON'S ACCOUNT
        CREATE TABLE PATRON_ACCOUNT(
        ACCOUNT_ID VARCHAR(50) NOT NULL,
        ACCOUNT_PASSWORD VARCHAR(20) NOT NULL,
        EMAIL VARCHAR(50) NOT NULL,
        IS_DEACTIVATED VARCHAR(20),
        DEACTIVATED_TIME DATE,
        PRIMARY KEY(ACCOUNT_ID)
        );

        -- CREATE TABLE - BORROW_ORDER
        CREATE TABLE BORROW_ORDER(
        B_ORDER_ID INT GENERATED BY DEFAULT AS IDENTITY,
        BOOK_ID VARCHAR(50) NOT NULL,
        ACCOUNT_ID VARCHAR(50) NOT NULL,
        IS_RETURNED VARCHAR(20),
        DUE_TIME DATE,
        NOTE_TIME DATE,
        FOREIGN KEY(BOOK_ID) REFERENCES BOOK(BOOK_ID) ON DELETE CASCADE,
        FOREIGN KEY(ACCOUNT_ID) REFERENCES PATRON_ACCOUNT(ACCOUNT_ID) ON DELETE CASCADE
        );

        -- CREATE TABLE - RESERVE_ORDER
        CREATE TABLE RESERVE_ORDER(
        R_ORDER_ID INT GENERATED BY DEFAULT AS IDENTITY,
        BOOK_ID VARCHAR(50) NOT NULL,
        ACCOUNT_ID VARCHAR(50) NOT NULL,
        CANCEL_TIME DATE,
        IS_CANCELED VARCHAR(20),
        IS_BORROWED VARCHAR(20),
        FOREIGN KEY(BOOK_ID) REFERENCES BOOK(BOOK_ID) ON DELETE CASCADE,
        FOREIGN KEY(ACCOUNT_ID) REFERENCES PATRON_ACCOUNT(ACCOUNT_ID) ON DELETE CASCADE
        );

        -- CREATE TABLE - MANAGER
        CREATE TABLE MANAGER(
        M_ID VARCHAR(50) NOT NULL,
        M_PASSWORD VARCHAR(20) NOT NULL
        );

        -- CREATE TABLE -BOOK_RECORD
        CREATE TABLE BOOK_RECORD(
        BOOK_ID VARCHAR(50) NOT NULL,
        BORROW_TIMES INT,
        DESIRE_TIMES INT,
        RESERVE_TIMES INT,
        FOREIGN KEY (BOOK_ID) REFERENCES BOOK);

        -- CREATE TABLE --DESIRE
        CREATE TABLE DESIRE(
        BOOK_ID INT,
        account_id INT);


        -- insert records into BOOK
        INSERT INTO BOOK VALUES ('100001', 'Algorithms', 'Sedgewick, Robert', '9780134384689', 'Computer Science','4F');
        INSERT INTO BOOK VALUES ('100002', 'Introduction to Algorithms', 'Cormen, Thomas H.', '9780262046305', 'Computer Science', '5F');
        INSERT INTO BOOK VALUES ('100003', 'C and Python Applications', 'Joyce, Philip',  '9781484277737', 'Computer Science', '4F');
        INSERT INTO BOOK VALUES ('100004', 'Organic Chemistry', 'David Klein', '9780471756149', 'Chemistry', '6F');
        INSERT INTO BOOK VALUES ('100005', 'Organic Chemistry', 'David Klein', '9780470917800', 'Chemistry', '6F');
        INSERT INTO BOOK VALUES ('100006', 'Physical Therapy', 'Scully, Rosemary M.', '9780397507984' , 'Physical therapy', '6F');
        INSERT INTO BOOK VALUES ('100007', 'Routledge Handbook of Southeast Asian history', 'Owen, Norman G.', '9780415587259', 'History', '4F');
        INSERT INTO BOOK VALUES ('100008', 'Essentials of Chinese Medicine', 'Liu, Zhanwen',  '9781848825895', 'Medicine', '8F');
        INSERT INTO BOOK VALUES ('100009', 'The Globalization of Chinese Food', 'Wu, David Y. H.', '9780700714030', 'Anthropology', '3F');
        INSERT INTO BOOK VALUES ('100010', 'Physical Biology of the Cell', 'Phillips, Rob', '9780815344506', 'Biophysics', '7F');
        INSERT INTO BOOK VALUES ('100011', 'Super HUANG', 'Philos', '9748815344753', 'Novel', '1F');
        INSERT INTO BOOK VALUES ('100012', 'Super JIAO', 'Jackson', '9753445065461', 'Novel', '1F');
        INSERT INTO BOOK VALUES ('100013', 'Super JIA', 'Shangdong', '9753445074161', 'Novel', '1F');
        INSERT INTO BOOK VALUES ('100014', 'Super NAN', 'ZHANG', '9757985065461', 'Novel', '1F');
        INSERT INTO BOOK VALUES ('100015', 'Super Hero', 'LIU', '9753447412461', 'Novel', '1F');
        INSERT INTO BOOK VALUES ('100016', 'Atom', 'Tom', '9753445075315', 'Physics', '6F');
        INSERT INTO BOOK VALUES ('100017', 'Organics', 'TU', '9753445077485', 'Chemistry', '6F');
        INSERT INTO BOOK VALUES ('100018', 'Continental Drift', 'Schneider', '9757741277485', 'Geography', '7F');
        INSERT INTO BOOK VALUES ('100019', 'Painting', 'Dick', '9753449177485', 'Art', '6F');
        INSERT INTO BOOK VALUES ('100020', 'Basketball', 'Curry', '9757413697485', 'Sports', '5F');
        INSERT INTO BOOK VALUES ('100021', 'From one to perfect', 'Southman,Chung ', '9780815341836', 'Novel', 'GF');
        INSERT INTO BOOK VALUES ('100022', 'The Story of Stone', 'Xueqin,Cao', '9780815341885', 'Novel', 'GF');
        INSERT INTO BOOK VALUES ('100023', 'Play Football Like a man.', 'Zanetti,Xavier', '9780815323456', 'Biography', '5F');
        INSERT INTO BOOK VALUES ('100024', 'Advanced Element Theory.', 'Liu,Wei', '9780815340098', 'Biology ', '7F');
        INSERT INTO BOOK VALUES ('100025', 'The World War II History.', 'White,Firecracker', '978081565498', 'History', '2F');
        INSERT INTO BOOK VALUES ('100026', 'Spring After Snow.', 'Ayaka,Kamisato', '9780815344026', 'Arts', '8F');
        INSERT INTO BOOK VALUES ('100027', 'C++:From beginners to masters ', 'Paul,Sauna', '9788763456026', 'Computer Science ', '8F');
        INSERT INTO BOOK VALUES ('100028', 'Harry Potter.', 'Rowling,J.K.', '9780815343975', 'Novel', 'GF');
        INSERT INTO BOOK VALUES ('100029', 'Operation Research Methods.', 'Zhang,Zaikun', '9780815343820', 'Mathematics', '4F');
        INSERT INTO BOOK VALUES ('100030', 'Advanced Topology ', 'Tsui,Sheung-tung', '9780815344444', 'Mathematics', '4F');


        -- INSERT RECORDS INTO PUBLISHER
        INSERT INTO PUBLISHER VALUES('001', TO_DATE('2022-10-05','YYYY-MM-DD'), 'Harper Collins');
        INSERT INTO PUBLISHER VALUES('002', TO_DATE('2003-05-18','YYYY-MM-DD'), 'Simon and Schuster');
        INSERT INTO PUBLISHER VALUES('003', TO_DATE('2005-09-17','YYYY-MM-DD'), 'Merriam-Webster Inc.');
        INSERT INTO PUBLISHER VALUES('004', TO_DATE('2006-10-07','YYYY-MM-DD'), 'Pearson');
        INSERT INTO PUBLISHER VALUES('005', TO_DATE('1989-03-01','YYYY-MM-DD'), 'Pearson');
        INSERT INTO PUBLISHER VALUES('006', TO_DATE('1809-11-06','YYYY-MM-DD'), 'Getty Publications');
        INSERT INTO PUBLISHER VALUES('007', TO_DATE('1998-12-24','YYYY-MM-DD'), 'Penguin Random House');
        INSERT INTO PUBLISHER VALUES('008', TO_DATE('1976-04-04','YYYY-MM-DD'), 'Scholastic');
        INSERT INTO PUBLISHER VALUES('009', TO_DATE('1965-07-23','YYYY-MM-DD'), 'John Wiley and Sons');
        INSERT INTO PUBLISHER VALUES('010', TO_DATE('2002-02-01','YYYY-MM-DD'), 'Macmillan');
        INSERT INTO PUBLISHER VALUES('011', TO_DATE('2009-02-01','YYYY-MM-DD'), 'Hua Dong Shi Da');
        INSERT INTO PUBLISHER VALUES('012', TO_DATE('2006-12-01','YYYY-MM-DD'), 'HAUNG');
        INSERT INTO PUBLISHER VALUES('013', TO_DATE('2002-06-21','YYYY-MM-DD'), 'JIAO');
        INSERT INTO PUBLISHER VALUES('014', TO_DATE('2002-10-05','YYYY-MM-DD'), 'JIA');
        INSERT INTO PUBLISHER VALUES('015', TO_DATE('2013-05-18','YYYY-MM-DD'), 'Simon');
        INSERT INTO PUBLISHER VALUES('016', TO_DATE('2015-09-17','YYYY-MM-DD'), 'NAN');
        INSERT INTO PUBLISHER VALUES('017', TO_DATE('2006-03-07','YYYY-MM-DD'), 'LE');
        INSERT INTO PUBLISHER VALUES('018', TO_DATE('1989-04-01','YYYY-MM-DD'), 'YUAN');
        INSERT INTO PUBLISHER VALUES('019', TO_DATE('1809-04-06','YYYY-MM-DD'), 'Shanghai');
        INSERT INTO PUBLISHER VALUES('020', TO_DATE('1998-08-20','YYYY-MM-DD'), 'Penguin');
        INSERT INTO PUBLISHER VALUES('021', TO_DATE('2001-08-26','YYYY-MM-DD'), 'Leopards ');
        INSERT INTO PUBLISHER VALUES('022', TO_DATE('2007-12-25','YYYY-MM-DD'), 'Winners');
        INSERT INTO PUBLISHER VALUES('023', TO_DATE('1996-08-17','YYYY-MM-DD'), 'The Yangtze Rivers');
        INSERT INTO PUBLISHER VALUES('024', TO_DATE('2004-01-30','YYYY-MM-DD'), 'National Publisher');
        INSERT INTO PUBLISHER VALUES('025', TO_DATE('1995-08-02','YYYY-MM-DD'), 'Fox’s');
        INSERT INTO PUBLISHER VALUES('026', TO_DATE('2010-04-04','YYYY-MM-DD'), 'Whispering');
        INSERT INTO PUBLISHER VALUES('027', TO_DATE('2002-04-05','YYYY-MM-DD'), 'Creative');
        INSERT INTO PUBLISHER VALUES('028', TO_DATE('2007-06-06','YYYY-MM-DD'), 'Math Learners');
        INSERT INTO PUBLISHER VALUES('029', TO_DATE('2015-01-05','YYYY-MM-DD'), 'University');
        INSERT INTO PUBLISHER VALUES('030', TO_DATE('2018-02-22','YYYY-MM-DD'), 'Fisher');

        -- insert patron account
        INSERT INTO PATRON_ACCOUNT VALUES ('001','computing111','20084413d@connect.polyu.hk','NO',Null);
        INSERT INTO PATRON_ACCOUNT VALUES ('002','mrliu666', 'liu20031111@polyu.edu.hk', 'YES',TO_DATE('2022-11-17','YYYY-MM-DD'));
        INSERT INTO PATRON_ACCOUNT VALUES ('003','austinli618','austinli618@polyu.edu.hk','NO',NULL);
        INSERT INTO PATRON_ACCOUNT VALUES ('004','abc123','004@polyu.edu.hk','NO',NULL);
        INSERT INTO PATRON_ACCOUNT VALUES ('005','ABC123','005@polyu.edu.hk','NO',NULL);
        INSERT INTO PATRON_ACCOUNT VALUES ('006','abcABC123','006@polyu.edu.hk','NO',NULL);

        -- insert MANAGER account
        INSERT INTO MANAGER VALUES('100','QWERTYUIOP');
        INSERT INTO MANAGER VALUES('200','ASDFGHJKL');
        INSERT INTO MANAGER VALUES('300','abc123');

        -- insert BORROW_ORDER
        INSERT INTO BORROW_ORDER VALUES (1,'100004','001','NO',TO_DATE('2022-11-23','YYYY-MM-DD'),TO_DATE('2022-11-20','YYYY-MM-DD'));
        INSERT INTO BORROW_ORDER VALUES (2,'100005','002','NO',TO_DATE('2022-11-23','YYYY-MM-DD'),TO_DATE('2022-11-20','YYYY-MM-DD'));
        INSERT INTO BORROW_ORDER VALUES (3,'100012','001','NO',TO_DATE('2022-11-21','YYYY-MM-DD'),TO_DATE('2022-11-18','YYYY-MM-DD'));
        INSERT INTO BORROW_ORDER VALUES (4,'100022','002','NO',TO_DATE('2022-11-22','YYYY-MM-DD'),TO_DATE('2022-11-19','YYYY-MM-DD'));
        INSERT INTO BORROW_ORDER VALUES (5,'100015','004','NO',TO_DATE('2022-12-01','YYYY-MM-DD'),TO_DATE('2022-11-28','YYYY-MM-DD'));
        INSERT INTO BORROW_ORDER VALUES (6,'100023','005','NO',TO_DATE('2022-12-08','YYYY-MM-DD'),TO_DATE('2022-12-05','YYYY-MM-DD'));

        -- insert RESERVE_ORDER
        INSERT INTO RESERVE_ORDER VALUES (1,'100002','001',TO_DATE('2022-11-19','YYYY-MM-DD'),'NO','NO');
        INSERT INTO RESERVE_ORDER VALUES (2,'100003','002',TO_DATE('2022-11-20','YYYY-MM-DD'),'NO','NO');
        INSERT INTO RESERVE_ORDER VALUES (3,'100007','003',TO_DATE('2022-11-20','YYYY-MM-DD'),'NO','NO');
        INSERT INTO RESERVE_ORDER VALUES (4,'100009','002',TO_DATE('2022-11-20','YYYY-MM-DD'),'NO','NO');

        -- insert DESIRE
        INSERT INTO DESIRE VALUES('100001','001');
        INSERT INTO DESIRE VALUES('100002','005');
        INSERT INTO DESIRE VALUES('100008','002');
        INSERT INTO DESIRE VALUES('100016','002');
        INSERT INTO DESIRE VALUES('100015','003');
        INSERT INTO DESIRE VALUES('100028','004');
        INSERT INTO DESIRE VALUES('100022','004');

        -- insert BOOK_RECORD
        INSERT INTO BOOK_RECORD VALUES('100001',0,1,0);
        INSERT INTO BOOK_RECORD VALUES('100002',0,1,1);
        INSERT INTO BOOK_RECORD VALUES('100003',0,0,1);
        INSERT INTO BOOK_RECORD VALUES('100004',1,0,0);
        INSERT INTO BOOK_RECORD VALUES('100005',1,0,0);
        INSERT INTO BOOK_RECORD VALUES('100006',0,0,0);
        INSERT INTO BOOK_RECORD VALUES('100007',0,0,1);
        INSERT INTO BOOK_RECORD VALUES('100008',0,1,0);
        INSERT INTO BOOK_RECORD VALUES('100009',0,0,1);
        INSERT INTO BOOK_RECORD VALUES('100010',0,0,0);
        INSERT INTO BOOK_RECORD VALUES('100011',0,0,0);
        INSERT INTO BOOK_RECORD VALUES('100012',1,0,0);
        INSERT INTO BOOK_RECORD VALUES('100013',0,0,0);
        INSERT INTO BOOK_RECORD VALUES('100014',0,0,0);
        INSERT INTO BOOK_RECORD VALUES('100015',1,1,0);
        INSERT INTO BOOK_RECORD VALUES('100016',0,1,0);
        INSERT INTO BOOK_RECORD VALUES('100017',0,0,0);
        INSERT INTO BOOK_RECORD VALUES('100018',0,0,0);
        INSERT INTO BOOK_RECORD VALUES('100019',0,0,0);
        INSERT INTO BOOK_RECORD VALUES('100020',0,0,0);
        INSERT INTO BOOK_RECORD VALUES('100021',0,0,0);
        INSERT INTO BOOK_RECORD VALUES('100022',1,1,0);
        INSERT INTO BOOK_RECORD VALUES('100023',1,0,0);
        INSERT INTO BOOK_RECORD VALUES('100024',0,0,0);
        INSERT INTO BOOK_RECORD VALUES('100025',0,0,0);
        INSERT INTO BOOK_RECORD VALUES('100026',0,0,0);
        INSERT INTO BOOK_RECORD VALUES('100027',0,0,0);
        INSERT INTO BOOK_RECORD VALUES('100028',0,1,0);
        INSERT INTO BOOK_RECORD VALUES('100029',0,0,0);
        INSERT INTO BOOK_RECORD VALUES('100030',0,0,0);


        -- INSERT RECORDS INTO STAT
        INSERT INTO STAT VALUES('100001', 'NO', 'NO', NULL);
        INSERT INTO STAT VALUES('100002', 'NO', 'YES', 1);
        INSERT INTO STAT VALUES('100003', 'NO', 'YES', 2);
        INSERT INTO STAT VALUES('100004', 'YES', 'NO', NULL);
        INSERT INTO STAT VALUES('100005', 'YES', 'NO', NULL);
        INSERT INTO STAT VALUES('100006', 'NO', 'NO', NULL);
        INSERT INTO STAT VALUES('100007', 'YES', 'YES', 3);
        INSERT INTO STAT VALUES('100008', 'NO', 'NO', NULL);
        INSERT INTO STAT VALUES('100009', 'NO', 'YES', 4);
        INSERT INTO STAT VALUES('100010', 'NO', 'NO', NULL);
        INSERT INTO STAT VALUES('100011', 'NO', 'NO', NULL);
        INSERT INTO STAT VALUES('100012', 'YES', 'YES', 5);
        INSERT INTO STAT VALUES('100013', 'NO', 'NO', NULL);
        INSERT INTO STAT VALUES('100014', 'NO', 'NO', NULL);
        INSERT INTO STAT VALUES('100015', 'YES', 'NO', NULL);
        INSERT INTO STAT VALUES('100016', 'NO', 'NO', NULL);
        INSERT INTO STAT VALUES('100017', 'NO', 'NO', NULL);
        INSERT INTO STAT VALUES('100018', 'NO', 'NO', NULL);
        INSERT INTO STAT VALUES('100019', 'NO', 'NO', NULL);
        INSERT INTO STAT VALUES('100020', 'NO', 'NO', NULL);
        INSERT INTO STAT VALUES('100021', 'NO', 'NO', NULL);
        INSERT INTO STAT VALUES('100022', 'YES', 'NO', NULL);
        INSERT INTO STAT VALUES('100023', 'YES', 'NO', NULL);
        INSERT INTO STAT VALUES('100024', 'NO', 'NO', NULL);
        INSERT INTO STAT VALUES('100025', 'NO', 'NO', NULL);
        INSERT INTO STAT VALUES('100026', 'NO', 'NO', NULL);
        INSERT INTO STAT VALUES('100027', 'NO', 'NO', NULL);
        INSERT INTO STAT VALUES('100028', 'NO', 'NO', NULL);
        INSERT INTO STAT VALUES('100029', 'NO', 'NO', NULL);
        INSERT INTO STAT VALUES('100030', 'NO', 'NO', NULL);

        COMMIT;